VnAInside.webp;Fireworks.webp;SocialMedia.webp;Steelwool.webp;BlindStatue.webpAbi_Rose.jpg
Abi_window.jpg
Greta_blossom.jpg
Greta_bush.jpg
Greta_flower.jpg
Greta_moon.jpg
Gyo_Don.jpg
Gyo_Mark_talk.jpg
Gyo_posters.jpg
Ieva_hallway.jpg
Me_ballons.jpg
Me_Greta_stars.jpg
Me_mood.jpg
Me_up.jpg
Sumin_abbandon.jpg
Sumin_hello.jpg
Sumin_windswept.jpg
Abi_window.jpg
Greta_blossom.jpg
Greta_bush.jpg
Greta_flower.jpg
Greta_moon.jpg
Gyo_Don.jpg
Gyo_Mark_talk.jpg
Gyo_posters.jpg
Ieva_hallway.jpg
Me_ballons.jpg
Me_Greta_stars.jpg
Me_mood.jpg
Me_up.jpg
Sumin_abbandon.jpg
Sumin_hello.jpg
Sumin_windswept.jpg
